id_x,episode_id,number,raw_text,timestamp_in_ms,speaking_line,character_id,location_id,raw_character_text,raw_location_text,spoken_words,normalized_text,word_count,id_y,season,sentiment
27118,92,20,Homer Simpson: (ABSENTLY) Can't talk. Robbed. Go hell.,188000,true,2,5.0,Homer Simpson,Simpson Home,Can't talk. Robbed. Go hell.,cant talk robbed go hell,5,92,5,
27098,92,0,(Simpson Home: Ext. Simpson House - night - establishing),10000,false,,5.0,,Simpson Home,,,,92,5,
27099,92,1,Bart Simpson: Dad! We've been robbed!,10000,true,8,5.0,Bart Simpson,Simpson Home,Dad! We've been robbed!,dad weve been robbed,4,92,5,
27100,92,2,"Lisa Simpson: (SHAKING HIM) Wake up, Dad! Wake up! There was a burglar and he took my saxophone.",96000,true,9,5.0,Lisa Simpson,Simpson Home,"Wake up, Dad! Wake up! There was a burglar and he took my saxophone.",wake up dad wake up there was a burglar and he took my saxophone,14,92,5,
27101,92,3,Homer Simpson: Woo hoo!,137000,true,2,5.0,Homer Simpson,Simpson Home,Woo hoo!,woo hoo,2,92,5,
27102,92,4,Bart Simpson: And our portable TV!,140000,true,8,5.0,Bart Simpson,Simpson Home,And our portable TV!,and our portable tv,4,92,5,
27103,92,5,Homer Simpson: (ANNOYED GRUNT),140000,false,2,5.0,Homer Simpson,Simpson Home,,,,92,5,
27104,92,6,Marge Simpson: And my necklace.,142000,true,1,5.0,Marge Simpson,Simpson Home,And my necklace.,and my necklace,3,92,5,
27105,92,7,"Homer Simpson: Eh, that's no big loss.",142000,true,2,5.0,Homer Simpson,Simpson Home,"Eh, that's no big loss.",eh thats no big loss,5,92,5,
27106,92,8,Marge Simpson: Homer! That necklace was a priceless Bouvier family heirloom.,144000,true,1,5.0,Marge Simpson,Simpson Home,Homer! That necklace was a priceless Bouvier family heirloom.,homer that necklace was a priceless bouvier family heirloom,9,92,5,
27107,92,9,"Homer Simpson: (SNORTS) Oh, you've probably got a whole drawer full of 'em.",148000,true,2,5.0,Homer Simpson,Simpson Home,"Oh, you've probably got a whole drawer full of 'em.",oh youve probably got a whole drawer full of em,10,92,5,
27108,92,10,"Marge Simpson: (UNCOMFORTABLE) Well... Yes, I do. But they're all heirlooms, too.",150000,true,1,5.0,Marge Simpson,Simpson Home,"Well... Yes, I do. But they're all heirlooms, too.",well yes i do but theyre all heirlooms too,9,92,5,
27109,92,11,Bart Simpson: The burglar even took my stamp collection.,155000,true,8,5.0,Bart Simpson,Simpson Home,The burglar even took my stamp collection.,the burglar even took my stamp collection,7,92,5,
27110,92,12,Lisa Simpson: (AMUSED) YOU had a stamp collection?,157000,true,9,5.0,Lisa Simpson,Simpson Home,YOU had a stamp collection?,you had a stamp collection,5,92,5,
27111,92,13,Marge Simpson: (LAUGHS UPROARIOUSLY),157000,false,1,5.0,Marge Simpson,Simpson Home,,,,92,5,
27112,92,14,Nelson Muntz: (OVER PHONE) Stamp collection. Haw haw!,164000,true,101,5.0,Nelson Muntz,Simpson Home,Stamp collection. Haw haw!,stamp collection haw haw,4,92,5,
27113,92,15,"Lisa Simpson: (MOANS) Bart's pain is funny, but mine isn't. That saxophone was my one creative outlet. It was the only way I could truly express myself.",168000,true,9,5.0,Lisa Simpson,Simpson Home,"Bart's pain is funny, but mine isn't. That saxophone was my one creative outlet. It was the only way I could truly express myself.",barts pain is funny but mine isnt that saxophone was my one creative outlet it was the only way i could truly express myself,24,92,5,
27114,92,16,"Homer Simpson: Shhh, quiet Lisa.",175000,true,2,5.0,Homer Simpson,Simpson Home,"Shhh, quiet Lisa.",shhh quiet lisa,3,92,5,
27115,92,17,"Bart Simpson: Hey, the burglar left his calling card.",179000,true,8,5.0,Bart Simpson,Simpson Home,"Hey, the burglar left his calling card.",hey the burglar left his calling card,7,92,5,
27116,92,18,"Marge Simpson: (READING) ""You have just been robbed by The Springfield Cat Burglar""... (MAKES A FACE) Cute.",181000,true,1,5.0,Marge Simpson,Simpson Home,"""You have just been robbed by The Springfield Cat Burglar""... Cute.",you have just been robbed by the springfield cat burglar cute,11,92,5,
27117,92,19,"Ned Flanders: Hidilly ho, neighboreenos.",181000,true,11,5.0,Ned Flanders,Simpson Home,"Hidilly ho, neighboreenos.",hidilly ho neighboreenos,3,92,5,
27119,92,21,Ned Flanders: You folks got robbed too? The burglar took my Shroud of Turin beach towels.,191000,true,11,5.0,Ned Flanders,Simpson Home,You folks got robbed too? The burglar took my Shroud of Turin beach towels.,you folks got robbed too the burglar took my shroud of turin beach towels,14,92,5,
27120,92,22,Bart Simpson: Wow. It's a crime wave.,195000,true,8,5.0,Bart Simpson,Simpson Home,Wow. It's a crime wave.,wow its a crime wave,5,92,5,
27121,92,23,(Skinner's Living Room: Int. Principal Skinner's living room - day),197000,false,,966.0,,Skinner's Living Room,,,,92,5,
27122,92,24,Seymour Skinner: Good Lord! My Stormin' Norman Commemorative Plates stolen... again.,197000,true,3,966.0,Seymour Skinner,Skinner's Living Room,Good Lord! My Stormin' Norman Commemorative Plates stolen... again.,good lord my stormin norman commemorative plates stolen again,9,92,5,
27123,92,25,(Barney's Apartment: Int. Barney's apartment),204000,false,,165.0,,Barney's Apartment,,,,92,5,
27124,92,26,Barney Gumble: Hey! I thought I had more stuff than this.,204000,true,18,165.0,Barney Gumble,Barney's Apartment,Hey! I thought I had more stuff than this.,hey i thought i had more stuff than this,9,92,5,
27125,92,27,(Simpson Home: Int. Simpson house - living room),207000,false,,5.0,,Simpson Home,,,,92,5,
27126,92,28,"Lisa Simpson: We are insured, aren't we, Mom?",207000,true,9,5.0,Lisa Simpson,Simpson Home,"We are insured, aren't we, Mom?",we are insured arent we mom,6,92,5,
27127,92,29,"Marge Simpson: Homer, tell your child what you bought when I sent you to town to get some insurance.",209000,true,1,5.0,Marge Simpson,Simpson Home,"Homer, tell your child what you bought when I sent you to town to get some insurance.",homer tell your child what you bought when i sent you to town to get some insurance,17,92,5,
27128,92,30,"Homer Simpson: (BITTER) Curse you, Magic Beans.",213000,true,2,5.0,Homer Simpson,Simpson Home,"Curse you, Magic Beans.",curse you magic beans,4,92,5,
27129,92,31,"Marge Simpson: (TIRED OF IT) Oh, stop blaming the beans.",213000,true,1,5.0,Marge Simpson,Simpson Home,"Oh, stop blaming the beans.",oh stop blaming the beans,5,92,5,
27130,92,32,"Homer Simpson: (INTO PHONE) Hello, police? Are you sitting down? Good. I wish to report a robbery!",217000,true,2,5.0,Homer Simpson,Simpson Home,"Hello, police? Are you sitting down? Good. I wish to report a robbery!",hello police are you sitting down good i wish to report a robbery,13,92,5,
27131,92,33,(Springfield Police Station: Int. police station),221000,false,,192.0,,Springfield Police Station,,,,92,5,
27132,92,34,"Chief Wiggum: (INTO PHONE) A robbery, right. Thanks for the report.",221000,true,71,192.0,Chief Wiggum,Springfield Police Station,"A robbery, right. Thanks for the report.",a robbery right thanks for the report,7,92,5,
27133,92,35,"Chief Wiggum: Another one, Lou. 723 Evergreen Terrace.",224000,true,71,192.0,Chief Wiggum,Springfield Police Station,"Another one, Lou. 723 Evergreen Terrace.",another one lou 723 evergreen terrace,6,92,5,
27134,92,36,"Chief Wiggum: Well, there doesn't seem to be any pattern, yet. But if I take this one and move it here, and move these over here... Hello... It almost looks like an arrow.",228000,true,71,192.0,Chief Wiggum,Springfield Police Station,"Well, there doesn't seem to be any pattern, yet. But if I take this one and move it here, and move these over here... Hello... It almost looks like an arrow.",well there doesnt seem to be any pattern yet but if i take this one and move it here and move these over here hello it almost looks like an arrow,31,92,5,
27135,92,37,"Lou: Hey look, Chief. It's pointing right at this police station.",241000,true,91,192.0,Lou,Springfield Police Station,"Hey look, Chief. It's pointing right at this police station.",hey look chief its pointing right at this police station,10,92,5,
27136,92,38,Chief Wiggum: (PANICKED) Let's get outta here!,244000,true,71,192.0,Chief Wiggum,Springfield Police Station,Let's get outta here!,lets get outta here,4,92,5,
27137,92,39,"Kent Brockman: When cat burglaries start, can mass murders be far behind? This reporter isn't saying that the burglar is an inhuman monster like the Wolfman, but he very well could be.",244000,true,211,192.0,Kent Brockman,Springfield Police Station,"When cat burglaries start, can mass murders be far behind? This reporter isn't saying that the burglar is an inhuman monster like the Wolfman, but he very well could be.",when cat burglaries start can mass murders be far behind this reporter isnt saying that the burglar is an inhuman monster like the wolfman but he very well could be,30,92,5,
27138,92,40,"Kent Brockman: So, professor, would you say it's time for everyone to panic?",260000,true,211,192.0,Kent Brockman,Springfield Police Station,"So, professor, would you say it's time for everyone to panic?",so professor would you say its time for everyone to panic,11,92,5,
27139,92,41,"Professor: Yes I would, Kent.",262000,true,1183,192.0,Professor,Springfield Police Station,"Yes I would, Kent.",yes i would kent,4,92,5,
27140,92,42,"Chief Wiggum: Ladies and gentlemen, ladies and gentlemen please, we have a major break in the case. We recovered the burglar's handkerchief from one of the crime scenes. Now one sniff of this baby and our tracking dog will be hot on his trail. (THEN ASIDE) Gosh, look at me, I'm sweating like a pig here...",264000,true,71,192.0,Chief Wiggum,Springfield Police Station,"Ladies and gentlemen, ladies and gentlemen please, we have a major break in the case. We recovered the burglar's handkerchief from one of the crime scenes. Now one sniff of this baby and our tracking dog will be hot on his trail. Gosh, look at me, I'm sweating like a pig here...",ladies and gentlemen ladies and gentlemen please we have a major break in the case we recovered the burglars handkerchief from one of the crime scenes now one sniff of this baby and our tracking dog will be hot on his trail gosh look at me im sweating like a pig here,52,92,5,
27141,92,43,Chief Wiggum: Ahhh. Aw man... that's better.,282000,true,71,192.0,Chief Wiggum,Springfield Police Station,Ahhh. Aw man... that's better.,ahhh aw man thats better,5,92,5,
27142,92,44,"Chief Wiggum: Alright, get the scent, boy. Come on. Get the scent. Now kill! Go on.",286000,true,71,192.0,Chief Wiggum,Springfield Police Station,"Alright, get the scent, boy. Come on. Get the scent. Now kill! Go on.",alright get the scent boy come on get the scent now kill go on,14,92,5,
27143,92,45,"Chief Wiggum: Ow, my jugular! (BEAT, THEN MORE STRUCLING) Any questions?",288000,true,71,192.0,Chief Wiggum,Springfield Police Station,"Ow, my jugular! Any questions?",ow my jugular any questions,5,92,5,
27237,92,139,Homer Simpson: (BEAT) Let me check my reason list.,681000,true,2,529.0,Homer Simpson,Suburban Home,Let me check my reason list.,let me check my reason list,6,92,5,
27238,92,140,Homer Simpson: Yep. It's on here.,681000,true,2,529.0,Homer Simpson,Suburban Home,Yep. It's on here.,yep its on here,4,92,5,
27144,92,46,"Professor Jonathan Frink: Well, as you can see, when the burglar trips the alarm, the house raises from its foundations and runs down the street and around a corner to safety.",298000,true,442,192.0,Professor Jonathan Frink,Springfield Police Station,"Well, as you can see, when the burglar trips the alarm, the house raises from its foundations and runs down the street and around a corner to safety.",well as you can see when the burglar trips the alarm the house raises from its foundations and runs down the street and around a corner to safety,28,92,5,
27145,92,47,"Professor Jonathan Frink: Well, the the real humans won't uh.. won't burn quite so fast there. (NERVOUS LAUGH)",309000,true,442,192.0,Professor Jonathan Frink,Springfield Police Station,"Well, the the real humans won't uh.. won't burn quite so fast there.",well the the real humans wont uh wont burn quite so fast there,13,92,5,
27146,92,48,(Suburban Springfield Street: Ext. suburban Springfield street),320000,false,,967.0,,Suburban Springfield Street,,,,92,5,
27147,92,49,Bart Simpson: (IMPRESSED) Cool! High-tech security system.,320000,true,8,967.0,Bart Simpson,Suburban Springfield Street,Cool! High-tech security system.,cool high-tech security system,4,92,5,
27148,92,50,(Springfield Street: Ext. springfield street - later),331000,false,,270.0,,Springfield Street,,,,92,5,
27149,92,51,"Otto Mann: Alright, free laserium. (IN AWE) All the colors of the bow, man.",331000,true,52,270.0,Otto Mann,Springfield Street,"Alright, free laserium. All the colors of the bow, man.",alright free laserium all the colors of the bow man,10,92,5,
27150,92,52,"Jasper Beardly: (YELLING IN PAIN, THEN) My cataracts are gone! I can see again! All the beauty of nat...",340000,true,273,270.0,Jasper Beardly,Springfield Street,My cataracts are gone! I can see again! All the beauty of nat...,my cataracts are gone i can see again all the beauty of nat,13,92,5,
27151,92,53,"Jasper Beardly: (YELLING IN PAIN) I'm blind! (THEN) Oh well, easy come easy go.",349000,true,273,270.0,Jasper Beardly,Springfield Street,"I'm blind! Oh well, easy come easy go.",im blind oh well easy come easy go,8,92,5,
27152,92,54,(Springfield Retirement Castle: Int. old folks home - Grampa's room),351000,false,,79.0,,Springfield Retirement Castle,,,,92,5,
27153,92,55,"Grampa Simpson: (SCREAMS) It's the cat burglar! Please, don't kill me!",351000,true,31,79.0,Grampa Simpson,Springfield Retirement Castle,"It's the cat burglar! Please, don't kill me!",its the cat burglar please dont kill me,8,92,5,
27154,92,56,"Molloy: Abe, can I use your ointment?",360000,true,1315,79.0,Molloy,Springfield Retirement Castle,"Abe, can I use your ointment?",abe can i use your ointment,6,92,5,
27155,92,57,"Grampa Simpson: (ANNOYED) Oh, it's you, Molloy. (GRUDGING) Alright. But this time clean off the applicator.",360000,true,31,79.0,Grampa Simpson,Springfield Retirement Castle,"Oh, it's you, Molloy. Alright. But this time clean off the applicator.",oh its you molloy alright but this time clean off the applicator,12,92,5,
27156,92,58,(Kwik-E-Mart: Ext. Kwik-e-mart),371000,false,,136.0,,Kwik-E-Mart,,,,92,5,
27157,92,59,Apu Nahasapeemapetilon: (PLEASANTLY) Thank you for coming. I'll see you in Hell.,371000,true,208,136.0,Apu Nahasapeemapetilon,Kwik-E-Mart,Thank you for coming. I'll see you in Hell.,thank you for coming ill see you in hell,9,92,5,
27158,92,60,(Simpson Home: Int. Simpson house),376000,false,,5.0,,Simpson Home,,,,92,5,
27159,92,61,"Homer Simpson: Alright, these are our new family security rules: Be home before dark, and make sure you're not followed, lock all doors and windows.",376000,true,2,5.0,Homer Simpson,Simpson Home,"Alright, these are our new family security rules: Be home before dark, and make sure you're not followed, lock all doors and windows.",alright these are our new family security rules be home before dark and make sure youre not followed lock all doors and windows,23,92,5,
27160,92,62,Marge Simpson: And don't take candy from strangers.,384000,true,1,5.0,Marge Simpson,Simpson Home,And don't take candy from strangers.,and dont take candy from strangers,6,92,5,
27161,92,63,"Homer Simpson: Marge, they're only human.",384000,true,2,5.0,Homer Simpson,Simpson Home,"Marge, they're only human.",marge theyre only human,4,92,5,
27162,92,64,Lisa Simpson: What's the point of all these precautions? I've already lost the only thing that matters to me.,388000,true,9,5.0,Lisa Simpson,Simpson Home,What's the point of all these precautions? I've already lost the only thing that matters to me.,whats the point of all these precautions ive already lost the only thing that matters to me,17,92,5,
27163,92,65,"Homer Simpson: Oh Lisa, stop pining for your saxophone. I got you another instrument.",393000,true,2,5.0,Homer Simpson,Simpson Home,"Oh Lisa, stop pining for your saxophone. I got you another instrument.",oh lisa stop pining for your saxophone i got you another instrument,12,92,5,
27164,92,66,"Lisa Simpson: What, this jug?",397000,true,9,5.0,Lisa Simpson,Simpson Home,"What, this jug?",what this jug,3,92,5,
27165,92,67,"Homer Simpson: Lisa, never, ever stop in the middle of a hoe-down.",406000,true,2,5.0,Homer Simpson,Simpson Home,"Lisa, never, ever stop in the middle of a hoe-down.",lisa never ever stop in the middle of a hoe-down,10,92,5,
27166,92,68,Lisa Simpson: (CHOKING BACK TEARS),406000,false,9,5.0,Lisa Simpson,Simpson Home,,,,92,5,
27167,92,69,"Homer Simpson: (REALIZING) Aw, honey. I didn't realize how much that horn meant to you. (MAKING A VOW) Don't worry. Daddy's gonna get it back. I don't know how, but I'll figure out something.",410000,true,2,5.0,Homer Simpson,Simpson Home,"Aw, honey. I didn't realize how much that horn meant to you. Don't worry. Daddy's gonna get it back. I don't know how, but I'll figure out something.",aw honey i didnt realize how much that horn meant to you dont worry daddys gonna get it back i dont know how but ill figure out something,28,92,5,
27168,92,70,Lisa Simpson: Thank you.,424000,true,9,5.0,Lisa Simpson,Simpson Home,Thank you.,thank you,2,92,5,
27169,92,71,"Homer Simpson: You know Lisa, music helps daddy think.",426000,true,2,5.0,Homer Simpson,Simpson Home,"You know Lisa, music helps daddy think.",you know lisa music helps daddy think,7,92,5,
27170,92,72,(Flanders Home: ext. flanders house - establishing),429000,false,,188.0,,Flanders Home,,,,92,5,
27239,92,141,"Jimbo Jones: Hey, you're that drunken posse. Wow, can I join you?",685000,true,144,529.0,Jimbo Jones,Suburban Home,"Hey, you're that drunken posse. Wow, can I join you?",hey youre that drunken posse wow can i join you,10,92,5,
27240,92,142,Homer Simpson: I dunno. Can you swing a sack of door knobs?,691000,true,2,529.0,Homer Simpson,Suburban Home,I dunno. Can you swing a sack of door knobs?,i dunno can you swing a sack of door knobs,10,92,5,
27241,92,143,Jimbo Jones: Can I?!,693000,true,144,529.0,Jimbo Jones,Suburban Home,Can I?!,can i,2,92,5,
27171,92,73,"Ned Flanders: Welcome, neighbors... (CLEARS HIS THROAT) since the police can't seem to get off their dufferoonies to do something about this burglarino, I think it's time we start our own neighborhood watch... arooni!",429000,true,11,188.0,Ned Flanders,Flanders Home,"Welcome, neighbors... since the police can't seem to get off their dufferoonies to do something about this burglarino, I think it's time we start our own neighborhood watch... arooni!",welcome neighbors since the police cant seem to get off their dufferoonies to do something about this burglarino i think its time we start our own neighborhood watch arooni,29,92,5,
27172,92,74,Everyone: (CHEERS),429000,false,658,188.0,Everyone,Flanders Home,,,,92,5,
27173,92,75,"Ned Flanders: Now, who should lead the group?",450000,true,11,188.0,Ned Flanders,Flanders Home,"Now, who should lead the group?",now who should lead the group,6,92,5,
27174,92,76,Voice From The Back: You!,452000,true,1316,188.0,Voice From The Back,Flanders Home,You!,you,1,92,5,
27175,92,77,Everyone: Yeah! Flanders! Flanders! Flanders!,452000,true,658,188.0,Everyone,Flanders Home,Yeah! Flanders! Flanders! Flanders!,yeah flanders flanders flanders,4,92,5,
27176,92,78,"Ned Flanders: (FLATTERED) I don't really have very much experience, but I'll be---",457000,true,11,188.0,Ned Flanders,Flanders Home,"I don't really have very much experience, but I'll be---",i dont really have very much experience but ill be---,10,92,5,
27177,92,79,Moe Szyslak: Someone else!,459000,true,17,188.0,Moe Szyslak,Flanders Home,Someone else!,someone else,2,92,5,
27178,92,80,Crowd: Yeah! Someone else! Someone else! Someone else!,459000,true,75,188.0,Crowd,Flanders Home,Yeah! Someone else! Someone else! Someone else!,yeah someone else someone else someone else,7,92,5,
27179,92,81,Homer Simpson: I'm someone else!,465000,true,2,188.0,Homer Simpson,Flanders Home,I'm someone else!,im someone else,3,92,5,
27180,92,82,Lenny Leonard: He's right!,465000,true,165,188.0,Lenny Leonard,Flanders Home,He's right!,hes right,2,92,5,
27181,92,83,"Homer Simpson: (INTERRUPTING) We don't need a thinker, we need a doer. Someone who'll act without considering the consequences.",467000,true,2,188.0,Homer Simpson,Flanders Home,"We don't need a thinker, we need a doer. Someone who'll act without considering the consequences.",we dont need a thinker we need a doer someone wholl act without considering the consequences,16,92,5,
27182,92,84,Crowd: Homer! Homer! Homer!,472000,true,75,188.0,Crowd,Flanders Home,Homer! Homer! Homer!,homer homer homer,3,92,5,
27183,92,85,"Barney Gumble: I'm with you, Homer.",474000,true,18,188.0,Barney Gumble,Flanders Home,"I'm with you, Homer.",im with you homer,4,92,5,
27184,92,86,"Captain Horatio McCallister: I be with ya too, matey.",474000,true,944,188.0,Captain Horatio McCallister,Flanders Home,"I be with ya too, matey.",i be with ya too matey,6,92,5,
27185,92,87,"Seymour Skinner: I'm with you, Homer.",477000,true,3,188.0,Seymour Skinner,Flanders Home,"I'm with you, Homer.",im with you homer,4,92,5,
27186,92,88,"Moe Szyslak: You're the man, Homer.",477000,true,17,188.0,Moe Szyslak,Flanders Home,"You're the man, Homer.",youre the man homer,4,92,5,
27187,92,89,Apu Nahasapeemapetilon: You're so good.,479000,true,208,188.0,Apu Nahasapeemapetilon,Flanders Home,You're so good.,youre so good,3,92,5,
27188,92,90,"Otto Mann: You're the man, man.",479000,true,52,188.0,Otto Mann,Flanders Home,"You're the man, man.",youre the man man,4,92,5,
27189,92,91,Grampa Simpson: I'll join! I'm filled with piss and vinegar. At first I was just filled with vinegar...,482000,true,31,188.0,Grampa Simpson,Flanders Home,I'll join! I'm filled with piss and vinegar. At first I was just filled with vinegar...,ill join im filled with piss and vinegar at first i was just filled with vinegar,16,92,5,
27190,92,92,"Homer Simpson: (CONSIDERS HIM BRIEFLY) Sorry, Dad. You're too old.",487000,true,2,188.0,Homer Simpson,Flanders Home,"Sorry, Dad. You're too old.",sorry dad youre too old,5,92,5,
27191,92,93,"Grampa Simpson: (INDIGNANT) Too old! Why that just means I have experience. Who chased the Irish out of Springfield Village in ought four? Me, that's who!",489000,true,31,188.0,Grampa Simpson,Flanders Home,"Too old! Why that just means I have experience. Who chased the Irish out of Springfield Village in ought four? Me, that's who!",too old why that just means i have experience who chased the irish out of springfield village in ought four me thats who,23,92,5,
27192,92,94,IRISH PETE: And a fine job ye did too!,500000,true,1317,188.0,IRISH PETE,Flanders Home,And a fine job ye did too!,and a fine job ye did too,7,92,5,
27193,92,95,"Homer Simpson: (KINDLY) Aw, Dad, you've done a lot of great things, but you're a very old man now, and old people are useless. (TICKLING HIM) Aren't they? Aren't they? Huh? Yes they are. Yes they are...",502000,true,2,188.0,Homer Simpson,Flanders Home,"Aw, Dad, you've done a lot of great things, but you're a very old man now, and old people are useless. Aren't they? Aren't they? Huh? Yes they are. Yes they are...",aw dad youve done a lot of great things but youre a very old man now and old people are useless arent they arent they huh yes they are yes they are,32,92,5,
27194,92,96,"Grampa Simpson: (GIGGLES BRIEFLY, THEN GETS ANGRY) Stop it! It's a form of abuse!",511000,true,31,188.0,Grampa Simpson,Flanders Home,Stop it! It's a form of abuse!,stop it its a form of abuse,7,92,5,
27195,92,97,"Marge Simpson: I don't think the guns are a good idea, Homer.",525000,true,1,188.0,Marge Simpson,Flanders Home,"I don't think the guns are a good idea, Homer.",i dont think the guns are a good idea homer,10,92,5,
27196,92,98,"Homer Simpson: Marge, we're responsible adults and...",527000,true,2,188.0,Homer Simpson,Flanders Home,"Marge, we're responsible adults and...",marge were responsible adults and,5,92,5,
27197,92,99,Moe Szyslak: Oops.,529000,true,17,188.0,Moe Szyslak,Flanders Home,Oops.,oops,1,92,5,
27198,92,100,Homer Simpson: ... and if a group of responsible adults can't handle firearms in a responsible way...,531000,true,2,188.0,Homer Simpson,Flanders Home,... and if a group of responsible adults can't handle firearms in a responsible way...,and if a group of responsible adults cant handle firearms in a responsible way,14,92,5,
27199,92,101,Captain Horatio McCallister: Sorry.,531000,true,944,188.0,Captain Horatio McCallister,Flanders Home,Sorry.,sorry,1,92,5,
27200,92,102,Seymour Skinner: (CHUCKLING) Uh-oh!,537000,true,3,188.0,Seymour Skinner,Flanders Home,Uh-oh!,uh-oh,1,92,5,
27201,92,103,Moe Szyslak: (SHEEPISH) Me again.,538000,true,17,188.0,Moe Szyslak,Flanders Home,Me again.,me again,2,92,5,
27202,92,104,Bart Simpson: Sorry.,539000,true,8,188.0,Bart Simpson,Flanders Home,Sorry.,sorry,1,92,5,
27203,92,105,(Moe's Tavern: Int. Moe's),546000,false,,15.0,,Moe's Tavern,,,,92,5,
27204,92,106,"Homer Simpson: Okay, we've got the secret vigilante handshake. Now we need code names. I'll be ""Cueball."" Skinner can be ""Eightball"", Barney will be ""Twelveball,"" and Moe, you can be ""Cueball.""",546000,true,2,15.0,Homer Simpson,Moe's Tavern,"Okay, we've got the secret vigilante handshake. Now we need code names. I'll be ""Cueball."" Skinner can be ""Eightball"", Barney will be ""Twelveball,"" and Moe, you can be ""Cueball.""",okay weve got the secret vigilante handshake now we need code names ill be cueball skinner can be eightball barney will be twelveball and moe you can be cueball,29,92,5,
27205,92,107,Moe Szyslak: You're an idiot.,550000,true,17,15.0,Moe Szyslak,Moe's Tavern,You're an idiot.,youre an idiot,3,92,5,
27206,92,108,(Herman's Military Antiques: Int. Herman's military antiques),559000,false,,82.0,,Herman's Military Antiques,,,,92,5,
27207,92,109,"Herman Hermann: So, wedding, huh?",559000,true,108,82.0,Herman Hermann,Herman's Military Antiques,"So, wedding, huh?",so wedding huh,3,92,5,
27208,92,110,"Homer Simpson: No, we're forming a vigilante group.",562000,true,2,82.0,Homer Simpson,Herman's Military Antiques,"No, we're forming a vigilante group.",no were forming a vigilante group,6,92,5,
27209,92,111,Herman Hermann: (LOW) Come with me.,565000,true,108,82.0,Herman Hermann,Herman's Military Antiques,Come with me.,come with me,3,92,5,
27210,92,112,(Herman's Military Antiques: Ext. Herman's - back yard),567000,false,,82.0,,Herman's Military Antiques,,,,92,5,
27211,92,113,"Herman Hermann: See, it's a miniature version of the A-bomb. The government built it in the fifties to drop on beatniks.",567000,true,108,82.0,Herman Hermann,Herman's Military Antiques,"See, it's a miniature version of the A-bomb. The government built it in the fifties to drop on beatniks.",see its a miniature version of the a-bomb the government built it in the fifties to drop on beatniks,19,92,5,
27212,92,114,Beatnik Poet: Radiant cool crazy nightmare. Zen New Jersey nowhere.,574000,true,1318,82.0,Beatnik Poet,Herman's Military Antiques,Radiant cool crazy nightmare. Zen New Jersey nowhere.,radiant cool crazy nightmare zen new jersey nowhere,8,92,5,
27213,92,115,Homer Simpson: Put this in your pipe and smoke it.,577000,true,2,82.0,Homer Simpson,Herman's Military Antiques,Put this in your pipe and smoke it.,put this in your pipe and smoke it,8,92,5,
27214,92,116,Beatnik Poet: How now brown bureaucrats.,586000,true,1318,82.0,Beatnik Poet,Herman's Military Antiques,How now brown bureaucrats.,how now brown bureaucrats,4,92,5,
27215,92,117,Homer Simpson: (TEXAN STYLE) Woo Hoo! Woo hoo hoo hoo!,586000,true,2,82.0,Homer Simpson,Herman's Military Antiques,Woo Hoo! Woo hoo hoo hoo!,woo hoo woo hoo hoo hoo,6,92,5,
27216,92,118,"Homer Simpson: Woo hoo, hoo! Take that Maynard G. Krebs!",602000,true,2,82.0,Homer Simpson,Herman's Military Antiques,"Woo hoo, hoo! Take that Maynard G. Krebs!",woo hoo hoo take that maynard g krebs,8,92,5,
27217,92,119,"Herman Hermann: (POINTEDLY) Hey, see this sign?",607000,true,108,82.0,Herman Hermann,Herman's Military Antiques,"Hey, see this sign?",hey see this sign,4,92,5,
27218,92,120,Homer Simpson: (SMALL VOICE) Sorry.,607000,true,2,82.0,Homer Simpson,Herman's Military Antiques,Sorry.,sorry,1,92,5,
27219,92,121,"Homer Simpson: (DRAMATICALLY) Okay, men, it's time to clean up this town.",614000,true,2,82.0,Homer Simpson,Herman's Military Antiques,"Okay, men, it's time to clean up this town.",okay men its time to clean up this town,9,92,5,
27220,92,122,Seymour Skinner: Meaning what exactly?,618000,true,3,82.0,Seymour Skinner,Herman's Military Antiques,Meaning what exactly?,meaning what exactly,3,92,5,
27221,92,123,"Homer Simpson: You know, push people around, make ourselves feel big.",620000,true,2,82.0,Homer Simpson,Herman's Military Antiques,"You know, push people around, make ourselves feel big.",you know push people around make ourselves feel big,9,92,5,
27222,92,124,"Homer Simpson: Bart, give me that megaphone of yours.",623000,true,2,82.0,Homer Simpson,Herman's Military Antiques,"Bart, give me that megaphone of yours.",bart give me that megaphone of yours,7,92,5,
27223,92,125,"Bart Simpson: It's not just a megaphone, Dad. It's a RapMaster 2000.",625000,true,8,82.0,Bart Simpson,Herman's Military Antiques,"It's not just a megaphone, Dad. It's a RapMaster 2000.",its not just a megaphone dad its a rapmaster 2000,10,92,5,
27224,92,126,Homer Simpson: Never mind the commercials. Just give it to me. I've got to whip this neighborhood into shape.,629000,true,2,82.0,Homer Simpson,Herman's Military Antiques,Never mind the commercials. Just give it to me. I've got to whip this neighborhood into shape.,never mind the commercials just give it to me ive got to whip this neighborhood into shape,17,92,5,
27225,92,127,Homer Simpson: (THROUGH MEGAPHONE) Move along there.,636000,true,2,82.0,Homer Simpson,Herman's Military Antiques,Move along there.,move along there,3,92,5,
27226,92,128,Twelve-year-old: (AWESTRUCK) It's Hammer!,636000,true,1319,82.0,Twelve-year-old,Herman's Military Antiques,It's Hammer!,its hammer,2,92,5,
27227,92,129,Homer Simpson: (THROUGH MEGAPHONE) Return to your homes and places of businesses!,639000,true,2,82.0,Homer Simpson,Herman's Military Antiques,Return to your homes and places of businesses!,return to your homes and places of businesses,8,92,5,
27228,92,130,"Homer Simpson: Hey you, where'd you get that saxophone?",645000,true,2,82.0,Homer Simpson,Herman's Military Antiques,"Hey you, where'd you get that saxophone?",hey you whered you get that saxophone,7,92,5,
27229,92,131,Student: (INNOCENTLY) Sears.,657000,true,453,82.0,Student,Herman's Military Antiques,Sears.,sears,1,92,5,
27230,92,132,Homer Simpson: Get him!,659000,true,2,82.0,Homer Simpson,Herman's Military Antiques,Get him!,get him,2,92,5,
27231,92,133,(Suburban Home: Ext. suburban home),663000,false,,529.0,,Suburban Home,,,,92,5,
27232,92,134,Homer Simpson: No burning leaves without a permit!,663000,true,2,529.0,Homer Simpson,Suburban Home,No burning leaves without a permit!,no burning leaves without a permit,6,92,5,
27233,92,135,Man: I got one.,666000,true,311,529.0,Man,Suburban Home,I got one.,i got one,3,92,5,
27234,92,136,Homer Simpson: Too late.,666000,true,2,529.0,Homer Simpson,Suburban Home,Too late.,too late,2,92,5,
27235,92,137,"Homer Simpson: You better have a good reason for doing that, boy.",673000,true,2,529.0,Homer Simpson,Suburban Home,"You better have a good reason for doing that, boy.",you better have a good reason for doing that boy,10,92,5,
27236,92,138,Jimbo Jones: It makes me feel like a big man.,678000,true,144,529.0,Jimbo Jones,Suburban Home,It makes me feel like a big man.,it makes me feel like a big man,8,92,5,
27242,92,144,Homer Simpson: You're in. Here's the sack.,693000,true,2,529.0,Homer Simpson,Suburban Home,You're in. Here's the sack.,youre in heres the sack,5,92,5,
27243,92,145,Moe Szyslak: (GRUFFLY) But you gotta supply your own knobs.,696000,true,17,529.0,Moe Szyslak,Suburban Home,But you gotta supply your own knobs.,but you gotta supply your own knobs,7,92,5,
27244,92,146,(Simpson Home: Int. Simpson house - Dining room - evening),698000,false,,5.0,,Simpson Home,,,,92,5,
27245,92,147,"Homer Simpson: So I said to him, ""Look buddy, your car was upside down when we got here. And as for your Grandma, she shouldn't have mouthed off like that.""",698000,true,2,5.0,Homer Simpson,Simpson Home,"So I said to him, ""Look buddy, your car was upside down when we got here. And as for your Grandma, she shouldn't have mouthed off like that.""",so i said to him look buddy your car was upside down when we got here and as for your grandma she shouldnt have mouthed off like that,28,92,5,
27246,92,148,"Lisa Simpson: (INTERRUPTING) Dad, don't you see you're abusing your power like all vigilantes? I mean, if you're the police, who will police the police?",703000,true,9,5.0,Lisa Simpson,Simpson Home,"Dad, don't you see you're abusing your power like all vigilantes? I mean, if you're the police, who will police the police?",dad dont you see youre abusing your power like all vigilantes i mean if youre the police who will police the police,22,92,5,
27247,92,149,Homer Simpson: I 'unno. Coast Guard?,714000,true,2,5.0,Homer Simpson,Simpson Home,I 'unno. Coast Guard?,i unno coast guard,4,92,5,
27248,92,150,"Marge Simpson: Homer, wasn't the whole point to catch the cat burglar?",716000,true,1,5.0,Marge Simpson,Simpson Home,"Homer, wasn't the whole point to catch the cat burglar?",homer wasnt the whole point to catch the cat burglar,10,92,5,
27249,92,151,Lisa Simpson: And I still don't have my saxophone.,719000,true,9,5.0,Lisa Simpson,Simpson Home,And I still don't have my saxophone.,and i still dont have my saxophone,7,92,5,
27250,92,152,"Homer Simpson: Lisa, the mob is working on getting your saxophone back, but we've also expanded into other important areas.",721000,true,2,5.0,Homer Simpson,Simpson Home,"Lisa, the mob is working on getting your saxophone back, but we've also expanded into other important areas.",lisa the mob is working on getting your saxophone back but weve also expanded into other important areas,18,92,5,
27251,92,153,Homer Simpson: (READING) Literacy programs... preserving our beloved covered bridges... world domination...,727000,true,2,5.0,Homer Simpson,Simpson Home,Literacy programs... preserving our beloved covered bridges... world domination...,literacy programs preserving our beloved covered bridges world domination,9,92,5,
27252,92,154,Lisa Simpson: World domination?,733000,true,9,5.0,Lisa Simpson,Simpson Home,World domination?,world domination,2,92,5,
27253,92,155,"Homer Simpson: Oh, that might be a typo.",733000,true,2,5.0,Homer Simpson,Simpson Home,"Oh, that might be a typo.",oh that might be a typo,6,92,5,
27255,92,157,(Smartline Studio: INT. SMARTLINE STUDIO),740000,false,,968.0,,Smartline Studio,,,,92,5,
27256,92,158,"Kent Brockman: Mr. Simpson, how do you respond to the charge that petty vandalism such as graffiti is down 80 percent, while heavy sack beatings are up a shocking 900 percent?",740000,true,211,968.0,Kent Brockman,Smartline Studio,"Mr. Simpson, how do you respond to the charge that petty vandalism such as graffiti is down 80 percent, while heavy sack beatings are up a shocking 900 percent?",mr simpson how do you respond to the charge that petty vandalism such as graffiti is down 80 percent while heavy sack beatings are up a shocking 900 percent,29,92,5,
27257,92,159,"Homer Simpson: Aw, people can come up with statistics to prove anything, Kent. Forty percent of all people know that.",749000,true,2,968.0,Homer Simpson,Smartline Studio,"Aw, people can come up with statistics to prove anything, Kent. Forty percent of all people know that.",aw people can come up with statistics to prove anything kent forty percent of all people know that,18,92,5,
27258,92,160,"Kent Brockman: I see. Well, what do you say to the accusation that your group has been causing more crimes than it's been preventing?",755000,true,211,968.0,Kent Brockman,Smartline Studio,"I see. Well, what do you say to the accusation that your group has been causing more crimes than it's been preventing?",i see well what do you say to the accusation that your group has been causing more crimes than its been preventing,22,92,5,
27259,92,161,"Homer Simpson: Oh, Kent, I'd be lying if I said my men weren't committing crimes. (LONG PAUSE)",760000,true,2,968.0,Homer Simpson,Smartline Studio,"Oh, Kent, I'd be lying if I said my men weren't committing crimes.",oh kent id be lying if i said my men werent committing crimes,13,92,5,
27260,92,162,Kent Brockman: (IMPRESSED) Touché.,765000,true,211,968.0,Kent Brockman,Smartline Studio,Touché.,touché,1,92,5,
27261,92,163,"Kent Brockman: Well, it looks like we have our first caller. And I mean ever, because this is not a call-in show. (THEN) Hello, you're on the air.",767000,true,211,968.0,Kent Brockman,Smartline Studio,"Well, it looks like we have our first caller. And I mean ever, because this is not a call-in show. Hello, you're on the air.",well it looks like we have our first caller and i mean ever because this is not a call-in show hello youre on the air,25,92,5,
27262,92,164,"Cat Burglar: Hello, Kent. Hello, Homer, my arch nemesis.",774000,true,1320,968.0,Cat Burglar,Smartline Studio,"Hello, Kent. Hello, Homer, my arch nemesis.",hello kent hello homer my arch nemesis,7,92,5,
27263,92,165,Homer Simpson: Y'ello.,779000,true,2,968.0,Homer Simpson,Smartline Studio,Y'ello.,yello,1,92,5,
27264,92,166,"Cat Burglar: Uh, you do realize who this is...",781000,true,1320,968.0,Cat Burglar,Smartline Studio,"Uh, you do realize who this is...",uh you do realize who this is,7,92,5,
27265,92,167,Homer Simpson: Uh... Marge?,784000,true,2,968.0,Homer Simpson,Smartline Studio,Uh... Marge?,uh marge,2,92,5,
27266,92,168,"Cat Burglar: No, Homer, I'm not your wife, although I do enjoy her pearls. As a matter of fact, I'm holding them right now. Listen.",786000,true,1320,968.0,Cat Burglar,Smartline Studio,"No, Homer, I'm not your wife, although I do enjoy her pearls. As a matter of fact, I'm holding them right now. Listen.",no homer im not your wife although i do enjoy her pearls as a matter of fact im holding them right now listen,23,92,5,
27267,92,169,Homer Simpson: Why you monster! And you have my daughter's saxophone too!,794000,true,2,968.0,Homer Simpson,Smartline Studio,Why you monster! And you have my daughter's saxophone too!,why you monster and you have my daughters saxophone too,10,92,5,
27268,92,170,"Kent Brockman: Homer, that's our stage manager!",799000,true,211,968.0,Kent Brockman,Smartline Studio,"Homer, that's our stage manager!",homer thats our stage manager,5,92,5,
27269,92,171,Homer Simpson: (EMBARRASSED) Oh sorry. I'm a little nervous.,804000,true,2,968.0,Homer Simpson,Smartline Studio,Oh sorry. I'm a little nervous.,oh sorry im a little nervous,6,92,5,
27270,92,172,"Cat Burglar: It may interest you to know that for my next crime I'll be pinching the pride and joy of the Springfield Museum, the world's largest cubic zirconia.",807000,true,1320,968.0,Cat Burglar,Smartline Studio,"It may interest you to know that for my next crime I'll be pinching the pride and joy of the Springfield Museum, the world's largest cubic zirconia.",it may interest you to know that for my next crime ill be pinching the pride and joy of the springfield museum the worlds largest cubic zirconia,27,92,5,
27271,92,173,"Homer Simpson: Listen, Mr. Cat Burglar, I vow to go without sleep and guard the Springfield museum day and night for as long as it takes, from now on (CONSIDERING) unless you want to taunt me more by giving me an approximate time.",815000,true,2,968.0,Homer Simpson,Smartline Studio,"Listen, Mr. Cat Burglar, I vow to go without sleep and guard the Springfield museum day and night for as long as it takes, from now on unless you want to taunt me more by giving me an approximate time.",listen mr cat burglar i vow to go without sleep and guard the springfield museum day and night for as long as it takes from now on unless you want to taunt me more by giving me an approximate time,40,92,5,
27272,92,174,Homer Simpson: (À LA MERV) We'll be right back.,828000,true,2,968.0,Homer Simpson,Smartline Studio,We'll be right back.,well be right back,4,92,5,
27273,92,175,Kent Brockman: (ANNOYED) I get to say that.,828000,true,211,968.0,Kent Brockman,Smartline Studio,I get to say that.,i get to say that,5,92,5,
27274,92,176,(Springfield Museum: Ext. Springfield museum - night),832000,false,,282.0,,Springfield Museum,,,,92,5,
27275,92,177,"Grampa Simpson: Son, we wanna help you catch that plug-ugly-yegg.",832000,true,31,282.0,Grampa Simpson,Springfield Museum,"Son, we wanna help you catch that plug-ugly-yegg.",son we wanna help you catch that plug-ugly-yegg,8,92,5,
27276,92,178,"Homer Simpson: (CONDESCENDING) Dad, the best way for you to help is to set a good example. Just stand around and don't steal anything.",836000,true,2,282.0,Homer Simpson,Springfield Museum,"Dad, the best way for you to help is to set a good example. Just stand around and don't steal anything.",dad the best way for you to help is to set a good example just stand around and dont steal anything,21,92,5,
27277,92,179,Homer Simpson: Hey!,845000,true,2,282.0,Homer Simpson,Springfield Museum,Hey!,hey,1,92,5,
27278,92,180,Grampa Simpson: We're on our break!,845000,true,31,282.0,Grampa Simpson,Springfield Museum,We're on our break!,were on our break,4,92,5,
27279,92,181,Seymour Skinner: Any sign of the burglar yet?,848000,true,3,282.0,Seymour Skinner,Springfield Museum,Any sign of the burglar yet?,any sign of the burglar yet,6,92,5,
27280,92,182,Homer Simpson: (SMALL SMILE) He'll show.,848000,true,2,282.0,Homer Simpson,Springfield Museum,He'll show.,hell show,2,92,5,
27281,92,183,Seymour Skinner: How's that?,851000,true,3,282.0,Seymour Skinner,Springfield Museum,How's that?,hows that,2,92,5,
27282,92,184,Homer Simpson: It's his job.,851000,true,2,282.0,Homer Simpson,Springfield Museum,It's his job.,its his job,3,92,5,
27283,92,185,Seymour Skinner: (BEAT) How's that?,852000,true,3,282.0,Seymour Skinner,Springfield Museum,How's that?,hows that,2,92,5,
27284,92,186,Homer Simpson: He's a burglar.,852000,true,2,282.0,Homer Simpson,Springfield Museum,He's a burglar.,hes a burglar,3,92,5,
27285,92,187,"Homer Simpson: Well, Mr. Cat Burglar, you'd like to get in here, wouldn't you? There's just one little problem. Thirty-six years ago some lady gave birth to a man named Homer J. Sim --(SPOTTING SOMETHING) Oh my God! Underage kids drinking beer without a permit!",855000,true,2,282.0,Homer Simpson,Springfield Museum,"Well, Mr. Cat Burglar, you'd like to get in here, wouldn't you? There's just one little problem. Thirty-six years ago some lady gave birth to a man named Homer J. Sim -- Oh my God! Underage kids drinking beer without a permit!",well mr cat burglar youd like to get in here wouldnt you theres just one little problem thirty-six years ago some lady gave birth to a man named homer j sim -- oh my god underage kids drinking beer without a permit,42,92,5,
27286,92,188,Kids: Chug! Chug! Chug! Chug! Chug!,889000,true,39,282.0,Kids,Springfield Museum,Chug! Chug! Chug! Chug! Chug!,chug chug chug chug chug,5,92,5,
27287,92,189,(Simpson Home: INT. Simpson home),897000,false,,5.0,,Simpson Home,,,,92,5,
27288,92,190,Homer Simpson: Asleep at the switch! I wasn't asleep! I was drunk!,897000,true,2,5.0,Homer Simpson,Simpson Home,Asleep at the switch! I wasn't asleep! I was drunk!,asleep at the switch i wasnt asleep i was drunk,10,92,5,
27289,92,191,"Bart Simpson: (TENDERLY) I believe you, Dad.",901000,true,8,5.0,Bart Simpson,Simpson Home,"I believe you, Dad.",i believe you dad,4,92,5,
27290,92,192,"Homer Simpson: Well, no matter what the paper says, I still have a job to do.",903000,true,2,5.0,Homer Simpson,Simpson Home,"Well, no matter what the paper says, I still have a job to do.",well no matter what the paper says i still have a job to do,14,92,5,
27291,92,193,(Simpson Home: Ext. Simpsons' House),907000,false,,5.0,,Simpson Home,,,,92,5,
27292,92,194,"Barney Gumble: Go home, Simpson.",907000,true,18,5.0,Barney Gumble,Simpson Home,"Go home, Simpson.",go home simpson,3,92,5,
27293,92,195,"Jimbo Jones: You let me down, man. Now I don't believe in nothing no more. I'm going to law school.",914000,true,144,5.0,Jimbo Jones,Simpson Home,"You let me down, man. Now I don't believe in nothing no more. I'm going to law school.",you let me down man now i dont believe in nothing no more im going to law school,18,92,5,
27294,92,196,Homer Simpson: Nooooo!,921000,true,2,5.0,Homer Simpson,Simpson Home,Nooooo!,nooooo,1,92,5,
27295,92,197,"Lisa Simpson: Dad, maybe this will cheer you up.",924000,true,9,5.0,Lisa Simpson,Simpson Home,"Dad, maybe this will cheer you up.",dad maybe this will cheer you up,7,92,5,
27296,92,198,"Homer Simpson: (MOANS) Oh, this doesn't work any more.",927000,true,2,5.0,Homer Simpson,Simpson Home,"Oh, this doesn't work any more.",oh this doesnt work any more,6,92,5,
27297,92,199,Homer Simpson: (QUICKLY) I didn't say stop.,932000,true,2,5.0,Homer Simpson,Simpson Home,I didn't say stop.,i didnt say stop,4,92,5,
27298,92,200,(Simpson Home: Int. Simpsons House - Day),938000,false,,5.0,,Simpson Home,,,,92,5,
27299,92,201,Marge Simpson: Oh my! I had no idea how much this town loved that zirconia.,938000,true,1,5.0,Marge Simpson,Simpson Home,Oh my! I had no idea how much this town loved that zirconia.,oh my i had no idea how much this town loved that zirconia,13,92,5,
27300,92,202,Grampa Simpson: Let me through! Coming through!,941000,true,31,5.0,Grampa Simpson,Simpson Home,Let me through! Coming through!,let me through coming through,5,92,5,
27301,92,203,"Lisa Simpson: Oh, Grampa. They pelted you too?",944000,true,9,5.0,Lisa Simpson,Simpson Home,"Oh, Grampa. They pelted you too?",oh grampa they pelted you too,6,92,5,
27302,92,204,Grampa Simpson: No. Actually I fell down at the Big Boy.,946000,true,31,5.0,Grampa Simpson,Simpson Home,No. Actually I fell down at the Big Boy.,no actually i fell down at the big boy,9,92,5,
27303,92,205,"Grampa Simpson: Son, I've come to help you. I know who the cat burglar is.",949000,true,31,5.0,Grampa Simpson,Simpson Home,"Son, I've come to help you. I know who the cat burglar is.",son ive come to help you i know who the cat burglar is,13,92,5,
27304,92,206,"Lisa Simpson: (EXCITED, AD LIBBING) What? Who? Huh? What?",954000,true,9,5.0,Lisa Simpson,Simpson Home,What? Who? Huh? What?,what who huh what,4,92,5,
27305,92,207,"Grampa Simpson: (GLOATING) Well, well, well. Before I was too old and no one wanted my help. Suddenly, look who comes to old Grampa for--wait! Where're you going?",956000,true,31,5.0,Grampa Simpson,Simpson Home,"Well, well, well. Before I was too old and no one wanted my help. Suddenly, look who comes to old Grampa for--wait! Where're you going?",well well well before i was too old and no one wanted my help suddenly look who comes to old grampa for--wait wherere you going,25,92,5,
27306,92,208,Grampa Simpson: (PATHETIC) Come back. I'll tell you.,966000,true,31,5.0,Grampa Simpson,Simpson Home,Come back. I'll tell you.,come back ill tell you,5,92,5,
27307,92,209,Grampa Simpson: He was right under my nose the whole time. He lives in my retirement home. His name is Molloy.,969000,true,31,5.0,Grampa Simpson,Simpson Home,He was right under my nose the whole time. He lives in my retirement home. His name is Molloy.,he was right under my nose the whole time he lives in my retirement home his name is molloy,19,92,5,
27308,92,210,"Lisa Simpson: Wow! How'd you track him down, Grampa?",977000,true,9,5.0,Lisa Simpson,Simpson Home,"Wow! How'd you track him down, Grampa?",wow howd you track him down grampa,7,92,5,
27309,92,211,Grampa Simpson: Good question.,979000,true,31,5.0,Grampa Simpson,Simpson Home,Good question.,good question,2,92,5,
27310,92,212,(Hallway: int. hallway),981000,false,,137.0,,Hallway,,,,92,5,
27311,92,213,Grampa Simpson: On one of my frequent trips to the ground... I noticed Molloy wore sneakers.,981000,true,31,137.0,Grampa Simpson,Hallway,On one of my frequent trips to the ground... I noticed Molloy wore sneakers.,on one of my frequent trips to the ground i noticed molloy wore sneakers,14,92,5,
27312,92,214,Grampa Simpson: (POINTEDLY) For sneaking! My next clue came just yesterday at the museum. We felt slighted by your age-bashing and started home.,989000,true,31,137.0,Grampa Simpson,Hallway,For sneaking! My next clue came just yesterday at the museum. We felt slighted by your age-bashing and started home.,for sneaking my next clue came just yesterday at the museum we felt slighted by your age-bashing and started home,20,92,5,
27313,92,215,(Museum: ext. museum),998000,false,,372.0,,Museum,,,,92,5,
27314,92,216,"Grampa Simpson: Molloy said, 'I'll catch up with you.'",998000,true,31,372.0,Grampa Simpson,Museum,"Molloy said, 'I'll catch up with you.'",molloy said ill catch up with you,7,92,5,
27315,92,217,"Grampa Simpson: I couldn't quite put my finger on it. There was something strange about the way he walked. Much more vertical than usual. And finally, Molloy, unlike most retired people, has the world's largest cubic zirconia on his coffee table.",998000,true,31,372.0,Grampa Simpson,Museum,"I couldn't quite put my finger on it. There was something strange about the way he walked. Much more vertical than usual. And finally, Molloy, unlike most retired people, has the world's largest cubic zirconia on his coffee table.",i couldnt quite put my finger on it there was something strange about the way he walked much more vertical than usual and finally molloy unlike most retired people has the worlds largest cubic zirconia on his coffee table,39,92,5,
27316,92,218,"Homer Simpson: Aw, Dad, I could kiss you.",1023000,true,2,372.0,Homer Simpson,Museum,"Aw, Dad, I could kiss you.",aw dad i could kiss you,6,92,5,
27317,92,219,Grampa Simpson: Well kiss me right here. It's the only part that still has feeling.,1025000,true,31,372.0,Grampa Simpson,Museum,Well kiss me right here. It's the only part that still has feeling.,well kiss me right here its the only part that still has feeling,13,92,5,
27318,92,220,(Simpson Home: ext. simpson house),1029000,false,,5.0,,Simpson Home,,,,92,5,
27319,92,221,Homer Simpson: No wait! I know where the burglar is!,1029000,true,2,5.0,Homer Simpson,Simpson Home,No wait! I know where the burglar is!,no wait i know where the burglar is,8,92,5,
27320,92,222,Grampa Simpson: To the retirement home!,1033000,true,31,5.0,Grampa Simpson,Simpson Home,To the retirement home!,to the retirement home,4,92,5,
27321,92,223,Crowd: Hooray!,1033000,true,75,5.0,Crowd,Simpson Home,Hooray!,hooray,1,92,5,
27322,92,224,(Springfield Retirement Castle: Int. old folks home - cat burglar's room),1037000,false,,79.0,,Springfield Retirement Castle,,,,92,5,
27323,92,225,Seymour Skinner: And there she is: the world's largest cubic zirconia.,1037000,true,3,79.0,Seymour Skinner,Springfield Retirement Castle,And there she is: the world's largest cubic zirconia.,and there she is the worlds largest cubic zirconia,9,92,5,
27324,92,226,Moe Szyslak: What an eyesore.,1046000,true,17,79.0,Moe Szyslak,Springfield Retirement Castle,What an eyesore.,what an eyesore,3,92,5,
27325,92,227,"Homer Simpson: (SMOOTHLY) So, Mr. Molloy. It seems that the cat has been caught by the very person that was trying to catch him.",1048000,true,2,79.0,Homer Simpson,Springfield Retirement Castle,"So, Mr. Molloy. It seems that the cat has been caught by the very person that was trying to catch him.",so mr molloy it seems that the cat has been caught by the very person that was trying to catch him,21,92,5,
27326,92,228,Seymour Skinner: How ironic.,1056000,true,3,79.0,Seymour Skinner,Springfield Retirement Castle,How ironic.,how ironic,2,92,5,
27327,92,229,"Molloy: Homer old chum. Well done. If anyone was going to catch me, I'm glad it was you.",1056000,true,1315,79.0,Molloy,Springfield Retirement Castle,"Homer old chum. Well done. If anyone was going to catch me, I'm glad it was you.",homer old chum well done if anyone was going to catch me im glad it was you,17,92,5,
27328,92,230,"Homer Simpson: Actually, it wasn't me. It was my Dad, Grampa.",1062000,true,2,79.0,Homer Simpson,Springfield Retirement Castle,"Actually, it wasn't me. It was my Dad, Grampa.",actually it wasnt me it was my dad grampa,9,92,5,
27329,92,231,"Grampa Simpson: Thanks, son. So you see old people aren't so useless after all. Molloy's old and he outsmarted the lot of ya. And I'm even older and I outsmarted him. (LAUGHS)",1066000,true,31,79.0,Grampa Simpson,Springfield Retirement Castle,"Thanks, son. So you see old people aren't so useless after all. Molloy's old and he outsmarted the lot of ya. And I'm even older and I outsmarted him.",thanks son so you see old people arent so useless after all molloys old and he outsmarted the lot of ya and im even older and i outsmarted him,29,92,5,
27330,92,232,Moe Szyslak: Shut up.,1078000,true,17,79.0,Moe Szyslak,Springfield Retirement Castle,Shut up.,shut up,2,92,5,
27331,92,233,Grampa Simpson: I've had my moment.,1078000,true,31,79.0,Grampa Simpson,Springfield Retirement Castle,I've had my moment.,ive had my moment,4,92,5,
27332,92,234,"Molloy: And of course, I'm happy to return all of your treasured possessions.",1082000,true,1315,79.0,Molloy,Springfield Retirement Castle,"And of course, I'm happy to return all of your treasured possessions.",and of course im happy to return all of your treasured possessions,12,92,5,
27333,92,235,"Molloy: (HANDING IT TO HER) Selma, my dear, your lock of MacGyver's hair.",1086000,true,1315,79.0,Molloy,Springfield Retirement Castle,"Selma, my dear, your lock of MacGyver's hair.",selma my dear your lock of macgyvers hair,8,92,5,
27334,92,236,Selma Bouvier: (EXCITED NOISE) Thank you. I'll add it to the ball.,1092000,true,22,79.0,Selma Bouvier,Springfield Retirement Castle,Thank you. I'll add it to the ball.,thank you ill add it to the ball,8,92,5,
27335,92,237,"Molloy: And little Lisa, here's your saxophone.",1096000,true,1315,79.0,Molloy,Springfield Retirement Castle,"And little Lisa, here's your saxophone.",and little lisa heres your saxophone,6,92,5,
27336,92,238,"Lisa Simpson: Thank you. And thank you, Dad. You got it back, just like you said you would.",1099000,true,9,79.0,Lisa Simpson,Springfield Retirement Castle,"Thank you. And thank you, Dad. You got it back, just like you said you would.",thank you and thank you dad you got it back just like you said you would,16,92,5,
27337,92,239,"Molloy: I sincerely regret any inconvenience I may have caused. And although I have stolen your material goods, let me assure you that your dear town has stolen my heart.",1106000,true,1315,79.0,Molloy,Springfield Retirement Castle,"I sincerely regret any inconvenience I may have caused. And although I have stolen your material goods, let me assure you that your dear town has stolen my heart.",i sincerely regret any inconvenience i may have caused and although i have stolen your material goods let me assure you that your dear town has stolen my heart,29,92,5,
27338,92,240,Crowd: (TOUCHED) Awwwww.,1115000,true,75,79.0,Crowd,Springfield Retirement Castle,Awwwww.,awwwww,1,92,5,
27339,92,241,"Seymour Skinner: Oh, he's so charming!",1117000,true,3,79.0,Seymour Skinner,Springfield Retirement Castle,"Oh, he's so charming!",oh hes so charming,4,92,5,
27340,92,242,Barney Gumble: Let's let him go.,1117000,true,18,79.0,Barney Gumble,Springfield Retirement Castle,Let's let him go.,lets let him go,4,92,5,
27341,92,243,Crowd: Yeah!,1120000,true,75,79.0,Crowd,Springfield Retirement Castle,Yeah!,yeah,1,92,5,
27342,92,244,"Chief Wiggum: Oh, sorry, folks. Gee, I really hate to spoil this little love-in, but Mr. Molloy broke the law. And when you break the law, you gotta go to jail.",1120000,true,71,79.0,Chief Wiggum,Springfield Retirement Castle,"Oh, sorry, folks. Gee, I really hate to spoil this little love-in, but Mr. Molloy broke the law. And when you break the law, you gotta go to jail.",oh sorry folks gee i really hate to spoil this little love-in but mr molloy broke the law and when you break the law you gotta go to jail,29,92,5,
27343,92,245,"Mayor Joe Quimby: Uh, that reminds me, uh, here's your monthly kickback.",1130000,true,240,79.0,Mayor Joe Quimby,Springfield Retirement Castle,"Uh, that reminds me, uh, here's your monthly kickback.",uh that reminds me uh heres your monthly kickback,9,92,5,
27344,92,246,"Chief Wiggum: You just, you couldn't have picked a worse time.",1133000,true,71,79.0,Chief Wiggum,Springfield Retirement Castle,"You just, you couldn't have picked a worse time.",you just you couldnt have picked a worse time,9,92,5,
27345,92,247,(Springfield Police Station: Int. police station),1136000,false,,192.0,,Springfield Police Station,,,,92,5,
27346,92,248,Homer Simpson: (SINGSONG) I caught the cat burglar. I caught the cat burglar. That means you. You are the cat burglar.,1136000,true,2,192.0,Homer Simpson,Springfield Police Station,I caught the cat burglar. I caught the cat burglar. That means you. You are the cat burglar.,i caught the cat burglar i caught the cat burglar that means you you are the cat burglar,18,92,5,
27347,92,249,Molloy: (SHIFTY) I suppose you're wondering where I hid all the millions of dollars I stole over the years.,1144000,true,1315,192.0,Molloy,Springfield Police Station,I suppose you're wondering where I hid all the millions of dollars I stole over the years.,i suppose youre wondering where i hid all the millions of dollars i stole over the years,17,92,5,
27348,92,250,Homer Simpson: Shut up.,1147000,true,2,192.0,Homer Simpson,Springfield Police Station,Shut up.,shut up,2,92,5,
27349,92,251,"Chief Wiggum: Oh, wait a minute. Maybe we should uh, hear him out. Where'd you hide the loot, Molloy?",1147000,true,71,192.0,Chief Wiggum,Springfield Police Station,"Oh, wait a minute. Maybe we should uh, hear him out. Where'd you hide the loot, Molloy?",oh wait a minute maybe we should uh hear him out whered you hide the loot molloy,17,92,5,
27350,92,252,"Molloy: It's buried right here in Springfield, under a Big T.",1152000,true,1315,192.0,Molloy,Springfield Police Station,"It's buried right here in Springfield, under a Big T.",its buried right here in springfield under a big t,10,92,5,
27351,92,253,Homer Simpson: (VERY CASUAL) No kidding.,1152000,true,2,192.0,Homer Simpson,Springfield Police Station,No kidding.,no kidding,2,92,5,
27352,92,254,"Chief Wiggum: (VERY CASUAL) Big T, huh?",1158000,true,71,192.0,Chief Wiggum,Springfield Police Station,"Big T, huh?",big t huh,3,92,5,
27353,92,255,"Homer Simpson: Well, I guess I'll be going to my home now and... sleep.",1160000,true,2,192.0,Homer Simpson,Springfield Police Station,"Well, I guess I'll be going to my home now and... sleep.",well i guess ill be going to my home now and sleep,12,92,5,
27354,92,256,"Chief Wiggum: Yeah, me too. I will also go home for sleep.",1166000,true,71,192.0,Chief Wiggum,Springfield Police Station,"Yeah, me too. I will also go home for sleep.",yeah me too i will also go home for sleep,10,92,5,
27355,92,257,(Downtown Springfield: Ext. downtown Springfield),1169000,false,,449.0,,Downtown Springfield,,,,92,5,
27356,92,258,Homer Simpson: (FRANTIC) Lemme through! I gotta find a Big T. There's millions of dollars buried under a Big T!,1169000,true,2,449.0,Homer Simpson,Downtown Springfield,Lemme through! I gotta find a Big T. There's millions of dollars buried under a Big T!,lemme through i gotta find a big t theres millions of dollars buried under a big t,17,92,5,
27357,92,259,(Springfield Police Station: Int. police station - MOLLOY'S cell),1180000,false,,192.0,,Springfield Police Station,,,,92,5,
27358,92,260,Chief Wiggum: We need more information.,1180000,true,71,192.0,Chief Wiggum,Springfield Police Station,We need more information.,we need more information,4,92,5,
27359,92,261,Molloy: It's buried at 4723 Maple Valley Road.,1193000,true,1315,192.0,Molloy,Springfield Police Station,It's buried at 4723 Maple Valley Road.,its buried at 4723 maple valley road,7,92,5,
27360,92,262,"Molloy: Ah, you take highway 201 south for 15 minutes... take a left at the left.",1198000,true,1315,192.0,Molloy,Springfield Police Station,"Ah, you take highway 201 south for 15 minutes... take a left at the left.",ah you take highway 201 south for 15 minutes take a left at the left,15,92,5,
27361,92,263,"Barney Gumble: Oh, that was fun, ladies!",1205000,true,18,192.0,Barney Gumble,Springfield Police Station,"Oh, that was fun, ladies!",oh that was fun ladies,5,92,5,
27362,92,264,"Driver: (À LA PHIL SILVERS) Whatsa matter with you, kid? You told me the stream was shallow. Why you... (FRUSTRATED LAUGHTER) oh kid... I'll kill you...",1222000,true,685,192.0,Driver,Springfield Police Station,"Whatsa matter with you, kid? You told me the stream was shallow. Why you... oh kid... I'll kill you...",whatsa matter with you kid you told me the stream was shallow why you oh kid ill kill you,19,92,5,
27363,92,265,"Kent Brockman: Hordes of panicky people seem to be evacuating the town for some unknown reason. Professor, without knowing precisely what the danger is, would you say it's time for our viewers to crack each other's heads open and feast on the goo inside?",1238000,true,211,192.0,Kent Brockman,Springfield Police Station,"Hordes of panicky people seem to be evacuating the town for some unknown reason. Professor, without knowing precisely what the danger is, would you say it's time for our viewers to crack each other's heads open and feast on the goo inside?",hordes of panicky people seem to be evacuating the town for some unknown reason professor without knowing precisely what the danger is would you say its time for our viewers to crack each others heads open and feast on the goo inside,42,92,5,
27364,92,266,"Professor: Yes I would, Kent.",1253000,true,1183,192.0,Professor,Springfield Police Station,"Yes I would, Kent.",yes i would kent,4,92,5,
27365,92,267,(Park: Ext. Park),1256000,false,,50.0,,Park,,,,92,5,
27366,92,268,"Otto Mann: Whoa, I found something!",1256000,true,52,50.0,Otto Mann,Park,"Whoa, I found something!",whoa i found something,4,92,5,
27367,92,269,Chief Wiggum: (DISAPPOINTED) It's just a piece of paper.,1290000,true,71,50.0,Chief Wiggum,Park,It's just a piece of paper.,its just a piece of paper,6,92,5,
27368,92,270,Homer Simpson: (EXCITED) It's mine!,1290000,true,2,50.0,Homer Simpson,Park,It's mine!,its mine,2,92,5,
27369,92,271,"Homer Simpson: (READING) ""Frightfully sorry, but there is no hidden treasure. I have already used this time to escape from your jail. Fondest wishes."" Oh, I can't make out this signature.",1292000,true,2,50.0,Homer Simpson,Park,"""Frightfully sorry, but there is no hidden treasure. I have already used this time to escape from your jail. Fondest wishes."" Oh, I can't make out this signature.",frightfully sorry but there is no hidden treasure i have already used this time to escape from your jail fondest wishes oh i cant make out this signature,28,92,5,
27370,92,272,Mayor Joe Quimby: Keep digging. We're bound to find something.,1303000,true,240,50.0,Mayor Joe Quimby,Park,Keep digging. We're bound to find something.,keep digging were bound to find something,7,92,5,
27371,92,273,Mayor Joe Quimby: Hmmm. I guess we're not gonna find anything.,1307000,true,240,50.0,Mayor Joe Quimby,Park,Hmmm. I guess we're not gonna find anything.,hmmm i guess were not gonna find anything,8,92,5,
27372,92,274,"Otto Mann: Uh, how're we gonna get outta here?",1310000,true,52,50.0,Otto Mann,Park,"Uh, how're we gonna get outta here?",uh howre we gonna get outta here,7,92,5,neutral
27373,92,275,Homer Simpson: (TRIUMPHANTLY) We'll dig our way out! (GRUNTING NOISES),1312000,true,2,50.0,Homer Simpson,Park,We'll dig our way out!,well dig our way out,5,92,5,positive
27374,92,276,"Chief Wiggum: No, no! Dig up, stupid!",1312000,true,71,50.0,Chief Wiggum,Park,"No, no! Dig up, stupid!",no no dig up stupid,5,92,5,negative
27254,92,156,"Homer's Brain: Mental note: ""The girl knows too much.""",736000,true,2,5.0,Homer's Brain,Simpson Home,"Mental note: ""The girl knows too much.""",mental note the girl knows too much,7,92,5,neutral
